{
    "chart": {
        "theme": "g2ops",
        "numberPrefix": "$",
        "highColor": "#6baa01",
        "lowColor": "#e44a00",
        "periodlength": "3",
        "periodcolor": "#cccccc",
        "periodalpha": "50"
    },
    "dataset": [
        {
            "data": [
                { "value": "783" },
                { "value": "601" },
                { "value": "515" },
                { "value": "315" },
                { "value": "388" },
                { "value": "433" },
                { "value": "910" },
                { "value": "798" },
                { "value": "483" },
                { "value": "562" },
                { "value": "359" },
                { "value": "485" },
                { "value": "388" },
                { "value": "433" },
                { "value": "910" },
                { "value": "798" },
                { "value": "483" },
                { "value": "562" },
                { "value": "359" },
                { "value": "485" },
                { "value": "388" },
                { "value": "433" },
                { "value": "910" },
                { "value": "798" },
                { "value": "483" },
                { "value": "562" },
                { "value": "359" },
                { "value": "485" },
                { "value": "388" },
                { "value": "433" },
                { "value": "910" },
                { "value": "798" },
                { "value": "483" },
                { "value": "562" },
                { "value": "359" },
                { "value": "485" },
                { "value": "388" },
                { "value": "433" },
                { "value": "910" },
                { "value": "798" },
                { "value": "483" },
                { "value": "562" },
                { "value": "359" },
                { "value": "485" }
            ]
        }
    ]
}