{
            "chart": {
                "caption": "Topology",
                "xaxisminvalue": "0",
                "xaxismaxvalue": "100",
                "yaxisminvalue": "0",
                "yaxismaxvalue": "100",
                "is3d": "0",
                "showformbtn": "1",
                "formaction": "dragnodeData.php",
                "formtarget": "_blank",
                "formmethod": "POST",
                "formbtntitle": "Save",
                "viewmode": "0",
                "showplotborder": "1",
                "plotborderthickness": "4",
                "theme": "g2ops",
                "showcanvasborder": "0",
                "canvasborderalpha": "20",
                "animation": "1"
            },
            "dataset": [
                {
                        "color":"#00aee4",
                    "data": [
                        {
                            "id": "01",
                            "label": "Router 1",
                            "color": "#ffffff",
                            "x": "16",
                            "y": "54",
                            "radius": "30",
                            "shape": "circle"
                        },
                        {
                            "id": "02",
                            "label": "Computer 2",
                            "color": "#ffffff",
                            "x": "27",
                            "y": "54",
                            "radius": "30",
                            "shape": "circle"
                        },
                        {
                            "id": "03",
                            "label": "Computer 3",
                            "color": "#ffffff",
                            "x": "48",
                            "y": "54",
                            "radius": "30",
                            "shape": "circle"
                        },
                        {
                            "id": "04",
                            "label": "Computer 4",
                            "color": "#ffffff",
                            "x": "85",
                            "y": "54",
                            "radius": "30",
                            "shape": "circle"
                        },
                        {
                            "id": "05",
                            "label": "Part 5",
                            "color": "#ffffff",
                            "x": "85",
                            "y": "80",
                            "radius": "30",
                            "shape": "circle"
                        },
                        {
                            "id": "06",
                            "label": "Part 6",
                            "color": "#ffffff",
                            "x": "62",
                            "y": "80",
                            "radius": "30",
                            "shape": "circle"
                        },
                        {
                            "id": "07",
                            "label": "Part 7",
                            "color": "#ffffff",
                            "x": "40",
                            "y": "30",
                            "radius": "30",
                            "shape": "circle"
                        },
                        {
                            "id": "08",
                            "label": "Part 8",
                            "color": "#ffffff",
                            "x": "40",
                            "y": "12",
                            "radius": "30",
                            "shape": "circle"
                        },
                        {
                            "id": "09",
                            "label": "Server 9",
                            "color": "#ffffff",
                            "x": "68",
                            "y": "93",
                            "radius": "30",
                            "shape": "circle"
                        },
                        {
                            "id": "10",
                            "label": "Server 10",
                            "color": "#ffffff",
                            "x": "12",
                            "y": "98",
                            "radius": "30",
                            "shape": "circle"
                        },
                        {
                            "id": "11",
                            "label": "Switch 11",
                            "color": "#ffffff",
                            "x": "18",
                            "y": "80",
                            "radius": "30",
                            "shape": "circle"
                        },
                        {
                            "id": "12",
                            "label": "Switch 12",
                            "color": "#ffffff",
                            "x": "12",
                            "y": "10",
                            "radius": "30",
                            "shape": "circle"
                        },
                        {
                            "id": "13",
                            "label": "Router 13",
                            "color": "#ffffff",
                            "x": "30",
                            "y": "30",
                            "radius": "30",
                            "shape": "circle"
                        },
                        {
                            "id": "14",
                            "label": "Router 14",
                            "color": "#ffffff",
                            "x": "48",
                            "y": "30",
                            "radius": "30",
                            "shape": "circle"
                        },
                        {
                            "id": "15",
                            "label": "Router 15",
                            "color": "#ffffff",
                            "x": "36",
                            "y": "50",
                            "radius": "30",
                            "shape": "circle"
                        },
                        {
                            "id": "16",
                            "label": "Router 16",
                            "color": "#ffffff",
                            "x": "38",
                            "y": "60",
                            "radius": "30",
                            "shape": "circle"
                        },
                        {
                            "id": "17",
                            "label": "Switch 17",
                            "color": "#ffffff",
                            "x": "41",
                            "y": "98",
                            "radius": "30",
                            "shape": "circle"
                        },
                        {
                            "id": "18",
                            "label": "Computer 18",
                            "color": "#ffffff",
                            "x": "70",
                            "y": "80",
                            "radius": "30",
                            "shape": "circle"
                        },
                        {
                            "id": "19",
                            "label": "Switch 19",
                            "color": "#ffffff",
                            "x": "60",
                            "y": "40",
                            "radius": "30",
                            "shape": "circle"
                        },
                        {
                            "id": "20",
                            "label": "Server 20",
                            "color": "#ffffff",
                            "x": "80",
                            "y": "10",
                            "radius": "30",
                            "shape": "circle"
                        },
                        {
                            "id": "21",
                            "label": "Server 21",
                            "color": "#ffffff",
                            "x": "20",
                            "y": "65",
                            "radius": "30",
                            "shape": "circle"
                        }
                    ]
                }
            ],
            "connectors": [
                {
                    "color": "#ffffff",
                    "stdthickness": "6",
                    "connector": [
                        {
                            "strength": "1",
                            "from": "01",
                            "to": "02",
                            "color": "#a6aaad",
                            "arrowatstart": "0",
                            "arrowatend": "0"
                        },
                        {
                            "strength": "1",
                            "from": "01",
                            "to": "06",
                            "color": "#a6aaad",
                            "arrowatstart": "0",
                            "arrowatend": "0"
                        },
                        {
                            "strength": "1",
                            "from": "01",
                            "to": "09",
                            "color": "#a6aaad",
                            "arrowatstart": "0",
                            "arrowatend": "0"
                        },
                        {
                            "strength": "1",
                            "from": "02",
                            "to": "03",
                            "color": "#a6aaad",
                            "arrowatstart": "0",
                            "arrowatend": "0"
                        },
                        {
                            "strength": "1",
                            "from": "02",
                            "to": "05",
                            "color": "#a6aaad",
                            "arrowatstart": "0",
                            "arrowatend": "0"
                        },
                        {
                            "strength": "1",
                            "from": "02",
                            "to": "14",
                            "color": "#a6aaad",
                            "arrowatstart": "0",
                            "arrowatend": "0"
                        },
                        {
                            "strength": "1",
                            "from": "02",
                            "to": "18",
                            "color": "#a6aaad",
                            "arrowatstart": "0",
                            "arrowatend": "0"
                        },
                        {
                            "strength": "1",
                            "from": "03",
                            "to": "04",
                            "color": "#a6aaad",
                            "arrowatstart": "0",
                            "arrowatend": "0"
                        },
                        {
                            "strength": "1",
                            "from": "03",
                            "to": "08",
                            "color": "#a6aaad",
                            "arrowatstart": "0",
                            "arrowatend": "0"
                        },
                        {
                            "strength": "1",
                            "from": "04",
                            "to": "16",
                            "color": "#a6aaad",
                            "arrowatstart": "0",
                            "arrowatend": "0"
                        },
                        {
                            "strength": "1",
                            "from": "04",
                            "to": "06",
                            "color": "#a6aaad",
                            "arrowatstart": "0",
                            "arrowatend": "0"
                        },
                        {
                            "strength": "1",
                            "from": "06",
                            "to": "18",
                            "color": "#a6aaad",
                            "arrowatstart": "0",
                            "arrowatend": "0"
                        },
                        {
                            "strength": "1",
                            "from": "06",
                            "to": "20",
                            "color": "#a6aaad",
                            "arrowatstart": "0",
                            "arrowatend": "0"
                        },
                        {
                            "strength": "1",
                            "from": "06",
                            "to": "10",
                            "color": "#a6aaad",
                            "arrowatstart": "0",
                            "arrowatend": "0"
                        },
                        {
                            "strength": "1",
                            "from": "06",
                            "to": "21",
                            "color": "#a6aaad",
                            "arrowatstart": "0",
                            "arrowatend": "0"
                        },
                        {
                            "strength": "1",
                            "from": "06",
                            "to": "03",
                            "color": "#a6aaad",
                            "arrowatstart": "0",
                            "arrowatend": "0"
                        },
                        {
                            "strength": "1",
                            "from": "03",
                            "to": "07",
                            "color": "#a6aaad",
                            "arrowatstart": "0",
                            "arrowatend": "0"
                        },
                        {
                            "strength": "1",
                            "from": "05",
                            "to": "06",
                            "color": "#a6aaad",
                            "arrowatstart": "0",
                            "arrowatend": "0"
                        },
                        {
                            "strength": "1",
                            "from": "06",
                            "to": "11",
                            "color": "#a6aaad",
                            "arrowatstart": "0",
                            "arrowatend": "0"
                        },
                        {
                            "strength": "1",
                            "from": "07",
                            "to": "08",
                            "color": "#a6aaad",
                            "arrowatstart": "0",
                            "arrowatend": "0"
                        },
                        {
                            "strength": "1",
                            "from": "07",
                            "to": "09",
                            "color": "#a6aaad",
                            "arrowatstart": "0",
                            "arrowatend": "0"
                        },
                        {
                            "strength": "1",
                            "from": "07",
                            "to": "21",
                            "color": "#a6aaad",
                            "arrowatstart": "0",
                            "arrowatend": "0"
                        },
                        {
                            "strength": "1",
                            "from": "08",
                            "to": "11",
                            "color": "#a6aaad",
                            "arrowatstart": "0",
                            "arrowatend": "0"
                        },
                        {
                            "strength": "1",
                            "from": "09",
                            "to": "11",
                            "color": "#6d6e70",
                            "arrowatstart": "0",
                            "arrowatend": "0"
                        },
                        {
                            "strength": "1",
                            "from": "09",
                            "to": "13",
                            "color": "#6d6e70",
                            "arrowatstart": "0",
                            "arrowatend": "0"
                        },
                        {
                            "strength": "1",
                            "from": "09",
                            "to": "19",
                            "color": "#6d6e70",
                            "arrowatstart": "0",
                            "arrowatend": "0"
                        },
                        {
                            "strength": "1",
                            "from": "10",
                            "to": "17",
                            "color": "#6d6e70",
                            "arrowatstart": "0",
                            "arrowatend": "0"
                        },
                        {
                            "strength": "1",
                            "from": "10",
                            "to": "19",
                            "color": "#6d6e70",
                            "arrowatstart": "0",
                            "arrowatend": "0"
                        },
                        {
                            "strength": "1",
                            "from": "12",
                            "to": "14",
                            "color": "#6d6e70",
                            "arrowatstart": "0",
                            "arrowatend": "0"
                        },
                        {
                            "strength": "1",
                            "from": "12",
                            "to": "17",
                            "color": "#6d6e70",
                            "arrowatstart": "0",
                            "arrowatend": "0"
                        },
                        {
                            "strength": "1",
                            "from": "16",
                            "to": "13",
                            "color": "#6d6e70",
                            "arrowatstart": "0",
                            "arrowatend": "0"
                        },
                        {
                            "strength": "1",
                            "from": "15",
                            "to": "13",
                            "color": "#6d6e70",
                            "arrowatstart": "0",
                            "arrowatend": "0"
                        },
                        {
                            "strength": "1",
                            "from": "14",
                            "to": "16",
                            "color": "#6d6e70",
                            "arrowatstart": "0",
                            "arrowatend": "0"
                        },
                        {
                            "strength": "1",
                            "from": "15",
                            "to": "20",
                            "color": "#6d6e70",
                            "arrowatstart": "0",
                            "arrowatend": "0"
                        },
                        {
                            "strength": "1",
                            "from": "16",
                            "to": "18",
                            "color": "#6d6e70",
                            "arrowatstart": "0",
                            "arrowatend": "0"
                        }
                    ]
                }
            ]
        }